# TEAM Workshop Problem 7, measured values (from the problem's tables).
# Bz [gauss] along A1-B1 (y = 72, z = 34 mm) and A2-B2 (y = 144, z = 34 mm);
# Jy [1e6 A/m^2] on the plate's surfaces along A3-B3 (y = 72, z = 19 mm) and
# A4-B4 (y = 72, z = 0), as the tables label them (but see README.md: the two
# appear exchanged). Columns: instantaneous values at omega t = 0 and 90
# degrees, the coil current peaking at omega t = 0.
line,x_mm,f50_wt0,f50_wt90,f200_wt0,f200_wt90
A1B1,0,-4.90,-1.16,-3.63,-1.38
A1B1,18,-17.88,2.84,-18.46,1.20
A1B1,36,-22.13,4.15,-23.62,2.15
A1B1,54,-20.19,4.00,-21.59,1.63
A1B1,72,-15.67,3.07,-16.09,1.10
A1B1,90,0.36,2.31,0.23,0.27
A1B1,108,43.64,1.89,44.35,-2.28
A1B1,126,78.11,4.97,75.53,-1.40
A1B1,144,71.55,12.61,63.42,4.17
A1B1,162,60.44,14.15,53.20,3.94
A1B1,180,53.91,13.04,48.66,4.86
A1B1,198,52.62,12.40,47.31,4.09
A1B1,216,53.81,12.05,48.31,3.69
A1B1,234,56.91,12.27,51.26,4.60
A1B1,252,59.24,12.66,53.61,3.48
A1B1,270,52.78,9.96,46.11,4.10
A1B1,288,27.61,2.36,24.96,0.98
A2B2,0,-1.83,-1.63,-0.86,-1.35
A2B2,18,-8.50,-0.60,-7.00,-0.71
A2B2,36,-13.60,-0.43,-11.58,-0.81
A2B2,54,-15.21,0.11,-13.36,-0.67
A2B2,72,-14.48,1.26,-13.77,0.15
A2B2,90,-5.62,3.40,-6.74,1.39
A2B2,108,28.77,6.53,24.63,2.67
A2B2,126,60.34,10.25,53.19,3.00
A2B2,144,61.84,11.83,54.89,4.01
A2B2,162,56.64,11.83,50.72,3.80
A2B2,180,53.40,11.01,48.03,4.00
A2B2,198,52.36,10.58,47.13,3.02
A2B2,216,53.93,10.80,48.25,2.20
A2B2,234,56.82,10.54,51.35,2.78
A2B2,252,59.48,10.62,53.35,1.58
A2B2,270,52.08,9.03,45.37,1.37
A2B2,288,26.56,1.79,24.01,0.93
A3B3,0,0.249,-0.629,0.427,-0.623
A3B3,18,0.685,-0.873,0.794,-0.755
A3B3,126,-0.015,-0.593,1.401,-1.304
A3B3,144,-0.103,-0.249,-0.035,-0.229
A3B3,162,-0.061,-0.101,0.005,-0.041
A3B3,180,-0.004,-0.001,-0.011,-0.014
A3B3,198,0.051,0.087,0.007,-0.002
A3B3,216,0.095,0.182,0.027,-0.000
A3B3,234,0.135,0.322,0.042,0.008
A3B3,252,0.104,0.555,0.043,0.033
A3B3,270,-0.321,0.822,0.050,0.116
A3B3,288,-0.687,0.855,-0.321,0.893
A4B4,0,0.461,-0.662,1.057,-0.915
A4B4,18,0.621,-0.644,1.597,-1.036
A4B4,126,1.573,-1.027,4.163,-2.328
A4B4,144,0.556,-0.757,1.143,-1.193
A4B4,162,0.237,-0.364,0.672,-0.613
A4B4,180,0.097,-0.149,0.307,-0.259
A4B4,198,-0.034,0.015,-0.050,0.061
A4B4,216,-0.157,0.154,-0.370,0.334
A4B4,234,-0.305,0.311,-0.749,0.674
A4B4,252,-0.478,0.508,-1.205,1.064
A4B4,270,-0.660,0.747,-1.575,1.404
A4B4,288,-1.217,1.034,-2.583,2.331
