# TEAM Workshop Problem 21a (Problem 21 Family, V.2009), measured values and
# the authors' Ar-V-Ar calculation, at the rated 10 A rms, 50 Hz.
# Loss: total power loss [W] in the non-magnetic steel plate (Table A3-5).
# Bx: rms flux density [1e-4 T] of P21a-2 at y = 0 along z (Table A3-2), on
# the coil side (x = +5.76 mm) and the far side (x = -5.76 mm).
quantity,model,z_mm,measured_coil_side,calculated_coil_side,measured_far_side,calculated_far_side
loss,0,,9.17,9.31,,
loss,1,,3.40,3.34,,
loss,2,,1.68,1.66,,
loss,3,,1.25,1.14,,
Bx,2,6.0,81.25,81.70,64.60,65.60
Bx,2,30.0,63.80,63.10,53.40,54.28
Bx,2,66.0,34.70,37.50,31.60,34.63
Bx,2,102.0,16.20,20.20,14.90,17.79
Bx,2,139.0,1.00,1.96,1.30,0.43
Bx,2,175.0,-15.50,-15.04,-12.50,-13.02
Bx,2,211.0,-35.10,-30.73,-27.50,-25.25
Bx,2,230.0,-42.00,-41.72,-32.20,-31.66
Bx,2,246.0,-37.20,-36.87,-29.90,-29.53
Bx,2,280.0,-23.70,-24.26,-20.70,-21.90
Bx,2,313.0,-15.30,-15.10,-13.60,-14.36
Bx,2,344.0,-11.20,-10.18,-9.40,-9.80
Bx,2,372.0,-8.70,-7.17,-6.80,-7.07
Bx,2,398.0,-7.60,-5.27,-5.20,-5.25
